IdStudent;Name;LastName;Address;PostalCode;City;Phone;Email;Active;Genre;DateOfBirth;IdentificationNumber;ExpirationDateIn;TaxIdentificationNumber;Nationality;Birthplace;Photo;CoursesCount;TotalWorkHours;EnrollmentDate
1;Ana;Ribeiro;159 Joe Valley Suite 782;65326;West Vanessa;070-453-8391;moorejames@example.com;True;;01/01/1900;56871190;01/01/1900;56871190;German;Lisbon;C:/Users/nunov/Downloads/Rafael - Formador/Retratos/moço.jpeg;0;0;11/04/2023
2;Bruno;Ferreira;99154 Smith Locks;11129;Burtonborough;004.692.6673x2084;scott47@example.com;True;Female;01/01/1900;20393446;01/01/1900;98288764853;German;Lisbon;C:/Users/nunov/Downloads/Rafael - Formador/Retratos/retrato-real-da-pessoa-homem.jpg;0;0;01/01/1900
3;Catarina;Palma;5103 Hill Highway;38588;Melvinton;001-381-194-7797x186;shane19@example.net;True;Male;01/01/1900;96651936;01/01/1900;32673449095;German;Rome;C:/Users/nunov/Downloads/Rafael - Formador/Retratos/moço.jpeg;0;0;01/01/1900
4;Claudia;Passarinho;21636 Jacob Burg Suite 151;74804;Kathyborough;(742)457-4796x662;walkersandra@example.org;False;Female;01/01/1900;83768980;01/01/1900;6015557799;French;Berlin;C:/Users/nunov/Downloads/Rafael - Formador/Retratos/mulher-sorrindo.png;0;0;01/01/1900
5;Dário;Dias;6423 Taylor Oval Suite 995;38702;Sandersport;152.965.2097x3064;cyoung@example.com;False;Female;01/01/1900;3761333;01/01/1900;74426896039;French;Madrid;C:/Users/nunov/Downloads/Rafael - Formador/Retratos/chefitz.png;0;0;01/01/1900
6;Diogo;Alves;818 Abbott Burgs Apt. 879;68024;Port Robertside;324.018.6096x9905;jasonthompson@example.com;False;Male;01/01/1900;84429162;01/01/1900;5806941693;Portuguese;Berlin;C:/Users/nunov/Downloads/Rafael - Formador/Retratos/desenho-carvão.jpg;0;0;01/01/1900
7;Diogo;Santana;61735 Jessica Station Apt. 930;88288;Hollandton;406.525.9000x31147;russelllaurie@example.com;False;Female;01/01/1900;21866316;01/01/1900;84139219950;German;Paris;C:/Users/nunov/Downloads/Rafael - Formador/Retratos/retrato-real-da-pessoa-nulher.jpg;0;0;01/01/1900
8;Duarte;Marques;91870 Henry Bypass;84397;West Julie;+1-326-065-8959x09290;tylerwiggins@example.com;True;Male;01/01/1900;15372102;01/01/1900;31358177019;German;Paris;C:/Users/nunov/Downloads/Rafael - Formador/Retratos/retrato-real-da-pessoa-nulher.jpg;0;0;01/01/1900
9;Filipe;Baptista;2102 Owens Pine;87782;East Ashley;-10720;estradajennifer@example.com;True;Female;01/01/1900;71318755;01/01/1900;92341603030;German;Paris;C:/Users/nunov/Downloads/Rafael - Formador/Retratos/john-lennon.png;0;0;01/01/1900
10;Joel;Santo Rangel;495 Zachary Square Apt. 770;5946;West Seanland;597-118-0309x8737;hollymunoz@example.com;True;Male;01/01/1900;83532618;01/01/1900;6408883316;Portuguese;Madrid;C:/Users/nunov/Downloads/Rafael - Formador/Retratos/retrato-real-da-pessoa-homem.jpg;0;0;01/01/1900
11;Jorge;Pinto;2853 Amy Lane;83476;Courtneyburgh;498.224.9012;destinyhill@example.com;True;Male;01/01/1900;37392202;01/01/1900;28886956733;Portuguese;Berlin;C:/Users/nunov/Downloads/Rafael - Formador/Retratos/moço.jpeg;0;0;01/01/1900
12;Láercio;Rodrigues;9836 Lori Road;83462;Swansonburgh;174.661.9625x1723;joelwilliams@example.com;False;Female;01/01/1900;30325023;01/01/1900;50199425357;Portuguese;Berlin;C:/Users/nunov/Downloads/Rafael - Formador/Retratos/mulher-sorrindo.png;0;0;01/01/1900
13;Licínio;Rosário;98068 Elizabeth Bridge Suite 201;66517;East Elizabethmouth;726.506.0418x540;david39@example.net;False;Male;01/01/1900;81620614;01/01/1900;93525721904;German;Paris;C:/Users/nunov/Downloads/Rafael - Formador/Retratos/john-lennon.png;0;0;01/01/1900
14;Luis;Leopoldo;892 Brent Villages;81886;Port Maryhaven;001-986-037-1949x33710;bentonnicole@example.net;False;Male;01/01/1900;1344333;01/01/1900;93542584314;German;Lisbon;C:/Users/nunov/Downloads/Rafael - Formador/Retratos/mulher-sorrindo.png;0;0;01/01/1900
15;Luis;Patricio;3181 Jennifer Spurs;57971;Wendychester;-6321;courtneyhunter@example.net;False;Male;01/01/1900;50022465;01/01/1900;97462917358;Spanish;Madrid;C:/Users/nunov/Downloads/Rafael - Formador/Retratos/mulher-sorrindo.png;0;0;01/01/1900
16;Maria;Cristina;7694 Martinez Trace Suite 689;85265;Mortonville;381.174.6287;rachel23@example.net;False;Male;01/01/1900;18174557;01/01/1900;82008108895;Italian;Lisbon;C:/Users/nunov/Downloads/Rafael - Formador/Retratos/moço.jpeg;0;0;01/01/1900
17;Mariana;Oliveira;0876 Jonathan Burg Apt. 342;36661;Duncanside;001-779-241-0072x9860;luke55@example.org;True;Male;01/01/1900;2522958;01/01/1900;8590979204;Spanish;Madrid;C:/Users/nunov/Downloads/Rafael - Formador/Retratos/el che.jpg;0;0;01/01/1900
18;Mariana;Leite;772 George Neck;11319;North Jeffreyfurt;553-298-2711x7474;austin24@example.com;False;Male;01/01/1900;29052319;01/01/1900;96719934542;German;Berlin;C:/Users/nunov/Downloads/Rafael - Formador/Retratos/el che.jpg;0;0;01/01/1900
19;Nuno;Vilhena Santos;75604 Nichole Lock Suite 150;41418;Aaronport;+1-477-046-5663x735;wolsen@example.org;False;Female;01/01/1900;12290043;01/01/1900;91270226794;German;Paris;C:/Users/nunov/Downloads/Rafael - Formador/Retratos/mulher-sorrindo.png;0;0;01/01/1900
20;Pedro;Silva;026 Michelle Hills Suite 314;27582;New Aprilport;(167)080-7957x0981;davidlewis@example.net;False;Male;01/01/1900;53430635;01/01/1900;92657424644;German;Lisbon;C:/Users/nunov/Downloads/Rafael - Formador/Retratos/mulher-sorrindo.png;0;0;01/01/1900
21;Reinaldo;Souza;789 Mendoza Ridges Apt. 887;66795;Ravenport;+1-923-515-6988x30742;uholt@example.org;True;Female;01/01/1900;25132938;01/01/1900;2275003520;French;Berlin;C:/Users/nunov/Downloads/Rafael - Formador/Retratos/el che.jpg;0;0;01/01/1900
22;Ruben;Correia;5452 Harris Walks Suite 938;10637;South Shane;(812)502-4499;mmorris@example.org;False;Male;01/01/1900;96260907;01/01/1900;27664254425;German;Lisbon;C:/Users/nunov/Downloads/Rafael - Formador/Retratos/desenho-carvão.jpg;0;0;01/01/1900
23;Simão;André;10527 George Place;32267;New Amandamouth;(743)156-5706;xarmstrong@example.org;False;Male;01/01/1900;23173855;01/01/1900;73045286888;Spanish;Paris;C:/Users/nunov/Downloads/Rafael - Formador/Retratos/moço.jpeg;0;0;01/01/1900
24;Tatiane;Avellar;0925 Katherine Stravenue Apt. 073;26616;Wendymouth;5609313641;dunnjerry@example.net;True;Female;01/01/1900;52681748;01/01/1900;33621697653;French;Paris;C:/Users/nunov/Downloads/Rafael - Formador/Retratos/el che.jpg;0;0;01/01/1900
25;-----------;-----------;68611 Smith Extension Apt. 000;41317;Gregoryshire;(394)100-6834;alicedixon@example.net;False;Male;01/01/1900;54937773;01/01/1900;67567186228;French;Lisbon;C:/Users/nunov/Downloads/Rafael - Formador/Retratos/moço.jpeg;0;0;01/01/1900
26;Joel;Santo Rangel;646 Bishop Mills;53855;Bakerborough;391496078;huffmantara@example.org;False;Male;01/01/1900;39238558;01/01/1900;84006173652;Italian;Paris;C:/Users/nunov/Downloads/Rafael - Formador/Retratos/chefitz.png;0;0;01/01/1900
27;Nuno;Vilhena Santos;20591 Jenkins Flats Apt. 200;69378;North Charles;220-681-9637;floresmark@example.com;False;Male;01/01/1900;99303966;01/01/1900;81643459696;French;Lisbon;C:/Users/nunov/Downloads/Rafael - Formador/Retratos/john-lennon.png;0;0;01/01/1900
28;Ana;Ribeiro;99784 Karen Drives;68279;Samuelstad;(704)806-8145x2348;pmiller@example.com;True;;01/01/1900;40886758;01/01/1900;40886758;German;Paris;C:/Users/nunov/Downloads/Rafael - Formador/Retratos/Retrato_Secretária_de_Estado_da_Inclusão_das_Pessoas_com_Deficiência.jpeg;0;0;04/11/2023
29;Bruno;Ferreira;766 Anderson Fall Suite 658;11733;Danielhaven;001-605-270-0337x063;gpratt@example.net;False;Male;01/01/1900;7810236;01/01/1900;47718949843;Italian;Lisbon;C:/Users/nunov/Downloads/Rafael - Formador/Retratos/john-lennon.png;0;0;01/01/1900
30;Catarina;Palma;36201 Hannah View;27939;New Roytown;419.480.2411x892;destiny68@example.com;True;Female;01/01/1900;84505797;01/01/1900;79938926214;Spanish;Madrid;C:/Users/nunov/Downloads/Rafael - Formador/Retratos/retrato-real-da-pessoa-nulher.jpg;0;0;01/01/1900
31;Claudia;Passarinho;91589 Jones Trace;48116;Cobbfort;897.651.7367x5679;jamesmatthew@example.org;False;Female;01/01/1900;44202357;01/01/1900;99507267100;Italian;Paris;C:/Users/nunov/Downloads/Rafael - Formador/Retratos/mulher-sorrindo.png;0;0;01/01/1900
32;Dário;Dias;883 Day Courts;71363;North Stacyside;001-211-961-9811;dvargas@example.net;True;Male;01/01/1900;84065698;01/01/1900;92543158273;Spanish;Berlin;C:/Users/nunov/Downloads/Rafael - Formador/Retratos/retrato-real-da-pessoa-homem.jpg;0;0;01/01/1900
33;Diogo;Alves;170 Koch Turnpike Suite 106;35221;Thomasmouth;827-374-7399x75551;waltersscott@example.org;True;Male;01/01/1900;81211010;01/01/1900;49161633948;Italian;Paris;C:/Users/nunov/Downloads/Rafael - Formador/Retratos/el che.jpg;0;0;01/01/1900
34;Diogo;Santana;762 Aimee Springs Apt. 786;88613;Larsonhaven;712.852.7826;walterstevens@example.com;True;Male;01/01/1900;47352725;01/01/1900;65290519266;Portuguese;Berlin;C:/Users/nunov/Downloads/Rafael - Formador/Retratos/john-lennon.png;0;0;01/01/1900
35;Duarte;Marques;23836 Justin Motorway;40117;Rebeccaside;001-499-486-8606;lbenitez@example.net;True;Male;01/01/1900;1758004;01/01/1900;67315721625;Spanish;Rome;C:/Users/nunov/Downloads/Rafael - Formador/Retratos/retrato-real-da-pessoa-nulher.jpg;0;0;01/01/1900
36;Filipe;Baptista;770 John Mountains Suite 734;70323;Mayhaven;918-557-9680x2288;donnamoses@example.net;True;Female;01/01/1900;73704182;01/01/1900;66921188874;Italian;Berlin;C:/Users/nunov/Downloads/Rafael - Formador/Retratos/el che.jpg;0;0;01/01/1900
37;Joel;Santo Rangel;09400 Sweeney Landing Apt. 275;88963;Knightchester;061-205-2308x7802;pjones@example.org;False;Male;01/01/1900;10502159;01/01/1900;83273276587;French;Berlin;C:/Users/nunov/Downloads/Rafael - Formador/Retratos/john-lennon.png;0;0;01/01/1900
38;Jorge;Pinto;5833 Emily Points Apt. 037;1401;Lake Heather;600-867-1423;dale02@example.net;True;Female;01/01/1900;76963314;01/01/1900;5997741249;Spanish;Lisbon;C:/Users/nunov/Downloads/Rafael - Formador/Retratos/Retrato_Secretária_de_Estado_da_Inclusão_das_Pessoas_com_Deficiência.jpeg;0;0;01/01/1900
39;Láercio;Rodrigues;07195 Porter Hollow Suite 719;44992;West Courtneystad;(885)802-7827x3557;hannahfarmer@example.com;False;Male;01/01/1900;47797725;01/01/1900;37647695451;German;Lisbon;C:/Users/nunov/Downloads/Rafael - Formador/Retratos/chefitz.png;0;0;01/01/1900
40;Licínio;Rosário;83637 David Drives Suite 333;88938;Port Craig;678-024-6958;patriciafarley@example.com;False;Female;01/01/1900;21118482;01/01/1900;50010541683;French;Rome;C:/Users/nunov/Downloads/Rafael - Formador/Retratos/Retrato_Secretária_de_Estado_da_Inclusão_das_Pessoas_com_Deficiência.jpeg;0;0;01/01/1900
41;Luis;Leopoldo;789 Jesus Lights;66744;New Theresaville;4495713845;afinley@example.net;False;Male;01/01/1900;96287002;01/01/1900;37264319254;German;Madrid;C:/Users/nunov/Downloads/Rafael - Formador/Retratos/mulher-sorrindo.png;0;0;01/01/1900
42;Luis;Patricio;7580 Vega Loop;64207;South Andrea;001-091-087-2034x16888;keithedwards@example.org;False;Male;01/01/1900;36280321;01/01/1900;71149906544;Italian;Paris;C:/Users/nunov/Downloads/Rafael - Formador/Retratos/desenho-carvão.jpg;0;0;01/01/1900
43;Maria;Cristina;258 Hannah Plains Suite 645;61506;Chasebury;(368)011-3827x3656;schroederjaime@example.net;False;Female;01/01/1900;91377059;01/01/1900;354247313;Italian;Paris;C:/Users/nunov/Downloads/Rafael - Formador/Retratos/retrato-real-da-pessoa-homem.jpg;0;0;01/01/1900
44;Mariana;Oliveira;59465 Hodge Road Suite 965;68057;South Robert;249.419.2294;jennifersummers@example.com;False;Male;01/01/1900;86076163;01/01/1900;74847881734;French;Rome;C:/Users/nunov/Downloads/Rafael - Formador/Retratos/chefitz.png;0;0;01/01/1900
45;Mariana;Leite;4719 Karen Land;87771;Mcguiremouth;+1-391-071-7449x722;hillanthony@example.net;True;Male;01/01/1900;65500599;01/01/1900;41661589500;Spanish;Berlin;C:/Users/nunov/Downloads/Rafael - Formador/Retratos/retrato-real-da-pessoa-nulher.jpg;0;0;01/01/1900
46;Nuno;Vilhena Santos;2941 Valdez Common Apt. 401;28347;New Sherrymouth;678-078-7272x077;christina90@example.com;False;Male;01/01/1900;16659425;01/01/1900;38532885008;German;Lisbon;C:/Users/nunov/Downloads/Rafael - Formador/Retratos/retrato-real-da-pessoa-nulher.jpg;0;0;01/01/1900
47;Pedro;Silva;1832 Kim Hollow;42525;Castanedaport;6562697907;ykelly@example.com;False;Female;01/01/1900;37366309;01/01/1900;65054051317;Italian;Lisbon;C:/Users/nunov/Downloads/Rafael - Formador/Retratos/el che.jpg;0;0;01/01/1900
48;Reinaldo;Souza;827 Price Mills Suite 035;1487;West Chad;+1-246-363-4173x520;masonkaren@example.net;False;Female;01/01/1900;7081863;01/01/1900;85045964097;Spanish;Lisbon;C:/Users/nunov/Downloads/Rafael - Formador/Retratos/john-lennon.png;0;0;01/01/1900
49;Ruben;Correia;333 Hernandez Place Suite 771;97591;New Catherineborough;(221)400-4017;carrolltyler@example.net;True;Female;01/01/1900;61904534;01/01/1900;27319094687;Italian;Paris;C:/Users/nunov/Downloads/Rafael - Formador/Retratos/el che.jpg;0;0;01/01/1900
50;Simão;André;2941 Valdez Common Apt. 401;28347;New Sherrymouth;678-078-7272x077;christina90@example.com;False;Male;01/01/1900;16659425;01/01/1900;38532885008;German;Lisbon;C:/Users/nunov/Downloads/Rafael - Formador/Retratos/chefitz.png;0;0;01/01/1900
51;Tatiane;Avellar;1832 Kim Hollow;42525;Castanedaport;6562697907;ykelly@example.com;False;Female;01/01/1900;37366309;01/01/1900;65054051317;Italian;Lisbon;C:/Users/nunov/Downloads/Rafael - Formador/Retratos/chefitz.png;0;0;01/01/1900
52;nunos;nunos;827 Price Mills Suite 035;1487;West Chad;+1-246-363-4173x520;masonkaren@example.net;False;Female;01/01/1900;7081863;01/01/1900;85045964097;Spanish;Lisbon;C:/Users/nunov/Downloads/Rafael - Formador/Retratos/chefitz.png;0;0;01/01/1900
53;qweqwe;qweqew;333 Hernandez Place Suite 771;97591;New Catherineborough;(221)400-4017;carrolltyler@example.net;True;Female;01/01/1900;61904534;01/01/1900;27319094687;Italian;Paris;C:/Users/nunov/Downloads/Rafael - Formador/Retratos/moço.jpeg;0;0;01/01/1900
54;Jodi;Wright;159 Joe Valley Suite 782;65326;West Vanessa;070-453-8391;moorejames@example.com;True;Female;01/01/1900;56871190;01/01/1900;6280398466;German;Lisbon;C:/Users/nunov/Downloads/Rafael - Formador/Retratos/chefitz.png;0;0;01/01/1900
55;Leslie;Beck;99154 Smith Locks;11129;Burtonborough;004.692.6673x2084;scott47@example.com;True;Female;01/01/1900;20393446;01/01/1900;98288764853;German;Lisbon;C:/Users/nunov/Downloads/Rafael - Formador/Retratos/chefitz.png;0;0;01/01/1900
56;Jack;Fuller;5103 Hill Highway;38588;Melvinton;001-381-194-7797x186;shane19@example.net;True;Male;01/01/1900;96651936;01/01/1900;32673449095;German;Rome;C:/Users/nunov/Downloads/Rafael - Formador/Retratos/chefitz.png;0;0;01/01/1900
57;Ryan;Moran;21636 Jacob Burg Suite 151;74804;Kathyborough;(742)457-4796x662;walkersandra@example.org;False;Female;01/01/1900;83768980;01/01/1900;6015557799;French;Berlin;C:/Users/nunov/Downloads/Rafael - Formador/Retratos/retrato-real-da-pessoa-nulher.jpg;0;0;01/01/1900
58;Antonio;Baker;6423 Taylor Oval Suite 995;38702;Sandersport;152.965.2097x3064;cyoung@example.com;False;Female;01/01/1900;3761333;01/01/1900;74426896039;French;Madrid;C:/Users/nunov/Downloads/Rafael - Formador/Retratos/Retrato_Secretária_de_Estado_da_Inclusão_das_Pessoas_com_Deficiência.jpeg;0;0;01/01/1900
59;Michael;Rubio;818 Abbott Burgs Apt. 879;68024;Port Robertside;324.018.6096x9905;jasonthompson@example.com;False;Male;01/01/1900;84429162;01/01/1900;5806941693;Portuguese;Berlin;C:/Users/nunov/Downloads/Rafael - Formador/Retratos/desenho-carvão.jpg;0;0;01/01/1900
60;Juan;Russell;61735 Jessica Station Apt. 930;88288;Hollandton;406.525.9000x31147;russelllaurie@example.com;False;Female;01/01/1900;21866316;01/01/1900;84139219950;German;Paris;C:/Users/nunov/Downloads/Rafael - Formador/Retratos/chefitz.png;0;0;01/01/1900
61;Shane;Nielsen;91870 Henry Bypass;84397;West Julie;+1-326-065-8959x09290;tylerwiggins@example.com;True;Male;01/01/1900;15372102;01/01/1900;31358177019;German;Paris;C:/Users/nunov/Downloads/Rafael - Formador/Retratos/desenho-carvão.jpg;0;0;01/01/1900
62;Eric;Montoya;2102 Owens Pine;87782;East Ashley;-10720;estradajennifer@example.com;True;Female;01/01/1900;71318755;01/01/1900;92341603030;German;Paris;C:/Users/nunov/Downloads/Rafael - Formador/Retratos/mulher-sorrindo.png;0;0;01/01/1900
63;Brittany;Carroll;495 Zachary Square Apt. 770;5946;West Seanland;597-118-0309x8737;hollymunoz@example.com;True;Male;01/01/1900;83532618;01/01/1900;6408883316;Portuguese;Madrid;C:/Users/nunov/Downloads/Rafael - Formador/Retratos/retrato-real-da-pessoa-homem.jpg;0;0;01/01/1900
64;Paul;Lopez;2853 Amy Lane;83476;Courtneyburgh;498.224.9012;destinyhill@example.com;True;Male;01/01/1900;37392202;01/01/1900;28886956733;Portuguese;Berlin;C:/Users/nunov/Downloads/Rafael - Formador/Retratos/chefitz.png;0;0;01/01/1900
65;Michelle;Hill;9836 Lori Road;83462;Swansonburgh;174.661.9625x1723;joelwilliams@example.com;False;Female;01/01/1900;30325023;01/01/1900;50199425357;Portuguese;Berlin;C:/Users/nunov/Downloads/Rafael - Formador/Retratos/mulher-sorrindo.png;0;0;01/01/1900
66;Richard;Morris;98068 Elizabeth Bridge Suite 201;66517;East Elizabethmouth;726.506.0418x540;david39@example.net;False;Male;01/01/1900;81620614;01/01/1900;93525721904;German;Paris;C:/Users/nunov/Downloads/Rafael - Formador/Retratos/mulher-sorrindo.png;0;0;01/01/1900
67;Courtney;Jones;892 Brent Villages;81886;Port Maryhaven;001-986-037-1949x33710;bentonnicole@example.net;False;Male;01/01/1900;1344333;01/01/1900;93542584314;German;Lisbon;C:/Users/nunov/Downloads/Rafael - Formador/Retratos/Retrato_Secretária_de_Estado_da_Inclusão_das_Pessoas_com_Deficiência.jpeg;0;0;01/01/1900
68;John;Boyd;3181 Jennifer Spurs;57971;Wendychester;-6321;courtneyhunter@example.net;False;Male;01/01/1900;50022465;01/01/1900;97462917358;Spanish;Madrid;C:/Users/nunov/Downloads/Rafael - Formador/Retratos/chefitz.png;0;0;01/01/1900
69;Kevin;Thomas;7694 Martinez Trace Suite 689;85265;Mortonville;381.174.6287;rachel23@example.net;False;Male;01/01/1900;18174557;01/01/1900;82008108895;Italian;Lisbon;C:/Users/nunov/Downloads/Rafael - Formador/Retratos/moço.jpeg;0;0;01/01/1900
70;Kimberly;Stephens;0876 Jonathan Burg Apt. 342;36661;Duncanside;001-779-241-0072x9860;luke55@example.org;True;Male;01/01/1900;2522958;01/01/1900;8590979204;Spanish;Madrid;C:/Users/nunov/Downloads/Rafael - Formador/Retratos/john-lennon.png;0;0;01/01/1900
71;Greg;Brewer;772 George Neck;11319;North Jeffreyfurt;553-298-2711x7474;austin24@example.com;False;Male;01/01/1900;29052319;01/01/1900;96719934542;German;Berlin;C:/Users/nunov/Downloads/Rafael - Formador/Retratos/el che.jpg;0;0;01/01/1900
72;Emily;Moore;75604 Nichole Lock Suite 150;41418;Aaronport;+1-477-046-5663x735;wolsen@example.org;False;Female;01/01/1900;12290043;01/01/1900;91270226794;German;Paris;C:/Users/nunov/Downloads/Rafael - Formador/Retratos/chefitz.png;0;0;01/01/1900
73;Laura;Green;026 Michelle Hills Suite 314;27582;New Aprilport;(167)080-7957x0981;davidlewis@example.net;False;Male;01/01/1900;53430635;01/01/1900;92657424644;German;Lisbon;C:/Users/nunov/Downloads/Rafael - Formador/Retratos/el che.jpg;0;0;01/01/1900
74;Ashley;Hernandez;789 Mendoza Ridges Apt. 887;66795;Ravenport;+1-923-515-6988x30742;uholt@example.org;True;Female;01/01/1900;25132938;01/01/1900;2275003520;French;Berlin;C:/Users/nunov/Downloads/Rafael - Formador/Retratos/Retrato_Secretária_de_Estado_da_Inclusão_das_Pessoas_com_Deficiência.jpeg;0;0;01/01/1900
75;Robert;Hardin;5452 Harris Walks Suite 938;10637;South Shane;(812)502-4499;mmorris@example.org;False;Male;01/01/1900;96260907;01/01/1900;27664254425;German;Lisbon;C:/Users/nunov/Downloads/Rafael - Formador/Retratos/el che.jpg;0;0;01/01/1900
76;Carol;Weber;10527 George Place;32267;New Amandamouth;(743)156-5706;xarmstrong@example.org;False;Male;01/01/1900;23173855;01/01/1900;73045286888;Spanish;Paris;C:/Users/nunov/Downloads/Rafael - Formador/Retratos/john-lennon.png;0;0;01/01/1900
77;Michael;Hoffman;0925 Katherine Stravenue Apt. 073;26616;Wendymouth;5609313641;dunnjerry@example.net;True;Female;01/01/1900;52681748;01/01/1900;33621697653;French;Paris;C:/Users/nunov/Downloads/Rafael - Formador/Retratos/el che.jpg;0;0;01/01/1900
78;Scott;Collins;68611 Smith Extension Apt. 000;41317;Gregoryshire;(394)100-6834;alicedixon@example.net;False;Male;01/01/1900;54937773;01/01/1900;67567186228;French;Lisbon;C:/Users/nunov/Downloads/Rafael - Formador/Retratos/desenho-carvão.jpg;0;0;01/01/1900
79;Jennifer;Perez;646 Bishop Mills;53855;Bakerborough;391496078;huffmantara@example.org;False;Male;01/01/1900;39238558;01/01/1900;84006173652;Italian;Paris;C:/Users/nunov/Downloads/Rafael - Formador/Retratos/mulher-sorrindo.png;0;0;01/01/1900
80;Pamela;Levine;20591 Jenkins Flats Apt. 200;69378;North Charles;220-681-9637;floresmark@example.com;False;Male;01/01/1900;99303966;01/01/1900;81643459696;French;Lisbon;C:/Users/nunov/Downloads/Rafael - Formador/Retratos/retrato-real-da-pessoa-nulher.jpg;0;0;01/01/1900
81;John;Kim;941 Allen Pines Apt. 615;51673;South Kellystad;530-245-3009;banksdiana@example.net;False;Female;01/01/1900;55538544;01/01/1900;22954749510;Italian;Rome;C:/Users/nunov/Downloads/Rafael - Formador/Retratos/moço.jpeg;0;0;01/01/1900
82;Benjamin;Price;99784 Karen Drives;68279;Samuelstad;(704)806-8145x2348;pmiller@example.com;True;Male;01/01/1900;40886758;01/01/1900;80493185686;German;Paris;C:/Users/nunov/Downloads/Rafael - Formador/Retratos/moço.jpeg;0;0;01/01/1900
83;Megan;Miller;766 Anderson Fall Suite 658;11733;Danielhaven;001-605-270-0337x063;gpratt@example.net;False;Male;01/01/1900;7810236;01/01/1900;47718949843;Italian;Lisbon;C:/Users/nunov/Downloads/Rafael - Formador/Retratos/mulher-sorrindo.png;0;0;01/01/1900
84;Lori;Blankenship;36201 Hannah View;27939;New Roytown;419.480.2411x892;destiny68@example.com;True;Female;01/01/1900;84505797;01/01/1900;79938926214;Spanish;Madrid;C:/Users/nunov/Downloads/Rafael - Formador/Retratos/retrato-real-da-pessoa-nulher.jpg;0;0;01/01/1900
85;Denise;Martin;91589 Jones Trace;48116;Cobbfort;897.651.7367x5679;jamesmatthew@example.org;False;Female;01/01/1900;44202357;01/01/1900;99507267100;Italian;Paris;C:/Users/nunov/Downloads/Rafael - Formador/Retratos/chefitz.png;0;0;01/01/1900
86;Donald;Yang;883 Day Courts;71363;North Stacyside;001-211-961-9811;dvargas@example.net;True;Male;01/01/1900;84065698;01/01/1900;92543158273;Spanish;Berlin;C:/Users/nunov/Downloads/Rafael - Formador/Retratos/retrato-real-da-pessoa-nulher.jpg;0;0;01/01/1900
87;Rachel;Allen;170 Koch Turnpike Suite 106;35221;Thomasmouth;827-374-7399x75551;waltersscott@example.org;True;Male;01/01/1900;81211010;01/01/1900;49161633948;Italian;Paris;C:/Users/nunov/Downloads/Rafael - Formador/Retratos/moço.jpeg;0;0;01/01/1900
88;Kristen;Flores;762 Aimee Springs Apt. 786;88613;Larsonhaven;712.852.7826;walterstevens@example.com;True;Male;01/01/1900;47352725;01/01/1900;65290519266;Portuguese;Berlin;C:/Users/nunov/Downloads/Rafael - Formador/Retratos/john-lennon.png;0;0;01/01/1900
89;Derrick;Brown;23836 Justin Motorway;40117;Rebeccaside;001-499-486-8606;lbenitez@example.net;True;Male;01/01/1900;1758004;01/01/1900;67315721625;Spanish;Rome;C:/Users/nunov/Downloads/Rafael - Formador/Retratos/moço.jpeg;0;0;01/01/1900
90;Amy;Cunningham;770 John Mountains Suite 734;70323;Mayhaven;918-557-9680x2288;donnamoses@example.net;True;Female;01/01/1900;73704182;01/01/1900;66921188874;Italian;Berlin;C:/Users/nunov/Downloads/Rafael - Formador/Retratos/el che.jpg;0;0;01/01/1900
91;Keith;Randall;09400 Sweeney Landing Apt. 275;88963;Knightchester;061-205-2308x7802;pjones@example.org;False;Male;01/01/1900;10502159;01/01/1900;83273276587;French;Berlin;C:/Users/nunov/Downloads/Rafael - Formador/Retratos/el che.jpg;0;0;01/01/1900
92;Kenneth;Bartlett;5833 Emily Points Apt. 037;1401;Lake Heather;600-867-1423;dale02@example.net;True;Female;01/01/1900;76963314;01/01/1900;5997741249;Spanish;Lisbon;C:/Users/nunov/Downloads/Rafael - Formador/Retratos/mulher-sorrindo.png;0;0;01/01/1900
93;Erica;Franco;07195 Porter Hollow Suite 719;44992;West Courtneystad;(885)802-7827x3557;hannahfarmer@example.com;False;Male;01/01/1900;47797725;01/01/1900;37647695451;German;Lisbon;C:/Users/nunov/Downloads/Rafael - Formador/Retratos/moço.jpeg;0;0;01/01/1900
94;Beth;Thomas;83637 David Drives Suite 333;88938;Port Craig;678-024-6958;patriciafarley@example.com;False;Female;01/01/1900;21118482;01/01/1900;50010541683;French;Rome;C:/Users/nunov/Downloads/Rafael - Formador/Retratos/retrato-real-da-pessoa-nulher.jpg;0;0;01/01/1900
95;Zachary;Murray;789 Jesus Lights;66744;New Theresaville;4495713845;afinley@example.net;False;Male;01/01/1900;96287002;01/01/1900;37264319254;German;Madrid;C:/Users/nunov/Downloads/Rafael - Formador/Retratos/chefitz.png;0;0;01/01/1900
96;Peter;Rose;7580 Vega Loop;64207;South Andrea;001-091-087-2034x16888;keithedwards@example.org;False;Male;01/01/1900;36280321;01/01/1900;71149906544;Italian;Paris;C:/Users/nunov/Downloads/Rafael - Formador/Retratos/retrato-real-da-pessoa-homem.jpg;0;0;01/01/1900
97;Dustin;Thomas;258 Hannah Plains Suite 645;61506;Chasebury;(368)011-3827x3656;schroederjaime@example.net;False;Female;01/01/1900;91377059;01/01/1900;354247313;Italian;Paris;C:/Users/nunov/Downloads/Rafael - Formador/Retratos/retrato-real-da-pessoa-homem.jpg;0;0;01/01/1900
98;Patricia;Dillon;59465 Hodge Road Suite 965;68057;South Robert;249.419.2294;jennifersummers@example.com;False;Male;01/01/1900;86076163;01/01/1900;74847881734;French;Rome;C:/Users/nunov/Downloads/Rafael - Formador/Retratos/retrato-real-da-pessoa-nulher.jpg;0;0;01/01/1900
99;Suzanne;Carney;4719 Karen Land;87771;Mcguiremouth;+1-391-071-7449x722;hillanthony@example.net;True;Male;01/01/1900;65500599;01/01/1900;41661589500;Spanish;Berlin;C:/Users/nunov/Downloads/Rafael - Formador/Retratos/el che.jpg;0;0;01/01/1900
100;Catherine;Jackson;2941 Valdez Common Apt. 401;28347;New Sherrymouth;678-078-7272x077;christina90@example.com;False;Male;01/01/1900;16659425;01/01/1900;38532885008;German;Lisbon;C:/Users/nunov/Downloads/Rafael - Formador/Retratos/el che.jpg;0;0;01/01/1900
101;Kimberly;Lambert;1832 Kim Hollow;42525;Castanedaport;6562697907;ykelly@example.com;False;Female;01/01/1900;37366309;01/01/1900;65054051317;Italian;Lisbon;C:/Users/nunov/Downloads/Rafael - Formador/Retratos/el che.jpg;0;0;01/01/1900
102;Daniel;Harrison;827 Price Mills Suite 035;1487;West Chad;+1-246-363-4173x520;masonkaren@example.net;True;;01/01/1900;7081863;01/01/1900;7081863;Spanish;Lisbon;C:/Users/nunov/Downloads/Rafael - Formador/Retratos/retrato-real-da-pessoa-homem.jpg;0;0;11/04/2023
