TeacherId;Name;LastName;Address;PostalCode;City;Phone;Email;Active;Genre;DateOfBirth;IdentificationNumber;ExpirationDateIn;TaxIdentificationNumber;Nationality;Birthplace;Photo;CoursesCount;TotalWorkHours
1;Ribeiro;Ana;159 Joe Valley Suite 782;65326;West Vanessa;070-453-8391;moorejames@example.com;True;;01/01/1900;56871190;01/01/1900;56871190;German;Lisbon;C:/Users/nunov/Downloads/Rafael - Formador/Retratos/moço.jpeg;0;450
2;Ferreira;Bruno;99154 Smith Locks;11129;Burtonborough;004.692.6673x2084;scott47@example.com;True;Female;01/01/1900;20393446;01/01/1900;98288764853;German;Lisbon;C:/Users/nunov/Downloads/Rafael - Formador/Retratos/retrato-real-da-pessoa-homem.jpg;0;775
3;Palma;Catarina;5103 Hill Highway;38588;Melvinton;001-381-194-7797x186;shane19@example.net;True;Male;01/01/1900;96651936;01/01/1900;32673449095;German;Rome;C:/Users/nunov/Downloads/Rafael - Formador/Retratos/moço.jpeg;0;775
4;Passarinho;Claudia;21636 Jacob Burg Suite 151;74804;Kathyborough;(742)457-4796x662;walkersandra@example.org;False;Female;01/01/1900;83768980;01/01/1900;6015557799;French;Berlin;C:/Users/nunov/Downloads/Rafael - Formador/Retratos/mulher-sorrindo.png;0;300
5;Dias;Dário;6423 Taylor Oval Suite 995;38702;Sandersport;152.965.2097x3064;cyoung@example.com;False;Female;01/01/1900;3761333;01/01/1900;74426896039;French;Madrid;C:/Users/nunov/Downloads/Rafael - Formador/Retratos/chefitz.png;0;31666
6;Alves;Diogo;818 Abbott Burgs Apt. 879;68024;Port Robertside;324.018.6096x9905;jasonthompson@example.com;False;Male;01/01/1900;84429162;01/01/1900;5806941693;Portuguese;Berlin;C:/Users/nunov/Downloads/Rafael - Formador/Retratos/desenho-carvão.jpg;0;31616
7;Santana;Diogo;61735 Jessica Station Apt. 930;88288;Hollandton;406.525.9000x31147;russelllaurie@example.com;False;Female;01/01/1900;21866316;01/01/1900;84139219950;German;Paris;C:/Users/nunov/Downloads/Rafael - Formador/Retratos/retrato-real-da-pessoa-nulher.jpg;0;31566
8;Marques;Duarte;91870 Henry Bypass;84397;West Julie;+1-326-065-8959x09290;tylerwiggins@example.com;True;Male;01/01/1900;15372102;01/01/1900;31358177019;German;Paris;C:/Users/nunov/Downloads/Rafael - Formador/Retratos/retrato-real-da-pessoa-nulher.jpg;0;31666
9;Baptista;Filipe;2102 Owens Pine;87782;East Ashley;-10720;estradajennifer@example.com;True;Female;01/01/1900;71318755;01/01/1900;92341603030;German;Paris;C:/Users/nunov/Downloads/Rafael - Formador/Retratos/john-lennon.png;0;31266
10;Santo Rangel;Joel;495 Zachary Square Apt. 770;5946;West Seanland;597-118-0309x8737;hollymunoz@example.com;True;Male;01/01/1900;83532618;01/01/1900;6408883316;Portuguese;Madrid;C:/Users/nunov/Downloads/Rafael - Formador/Retratos/retrato-real-da-pessoa-homem.jpg;0;15475
11;Pinto;Jorge;2853 Amy Lane;83476;Courtneyburgh;498.224.9012;destinyhill@example.com;True;Male;01/01/1900;37392202;01/01/1900;28886956733;Portuguese;Berlin;C:/Users/nunov/Downloads/Rafael - Formador/Retratos/moço.jpeg;0;31236
12;Rodrigues;Láercio;9836 Lori Road;83462;Swansonburgh;174.661.9625x1723;joelwilliams@example.com;False;Female;01/01/1900;30325023;01/01/1900;50199425357;Portuguese;Berlin;C:/Users/nunov/Downloads/Rafael - Formador/Retratos/mulher-sorrindo.png;0;27816
13;Rosário;Licínio;98068 Elizabeth Bridge Suite 201;66517;East Elizabethmouth;726.506.0418x540;david39@example.net;False;Male;01/01/1900;81620614;01/01/1900;93525721904;German;Paris;C:/Users/nunov/Downloads/Rafael - Formador/Retratos/john-lennon.png;0;30390
14;Leopoldo;Luis;892 Brent Villages;81886;Port Maryhaven;001-986-037-1949x33710;bentonnicole@example.net;False;Male;01/01/1900;1344333;01/01/1900;93542584314;German;Lisbon;C:/Users/nunov/Downloads/Rafael - Formador/Retratos/mulher-sorrindo.png;0;31511
15;Patricio;Luis;3181 Jennifer Spurs;57971;Wendychester;-6321;courtneyhunter@example.net;False;Male;01/01/1900;50022465;01/01/1900;97462917358;Spanish;Madrid;C:/Users/nunov/Downloads/Rafael - Formador/Retratos/mulher-sorrindo.png;0;31636
16;Cristina;Maria;7694 Martinez Trace Suite 689;85265;Mortonville;381.174.6287;rachel23@example.net;False;Male;01/01/1900;18174557;01/01/1900;82008108895;Italian;Lisbon;C:/Users/nunov/Downloads/Rafael - Formador/Retratos/moço.jpeg;0;30191
17;Oliveira;Mariana;0876 Jonathan Burg Apt. 342;36661;Duncanside;001-779-241-0072x9860;luke55@example.org;True;Male;01/01/1900;2522958;01/01/1900;8590979204;Spanish;Madrid;C:/Users/nunov/Downloads/Rafael - Formador/Retratos/el che.jpg;0;31491
18;Leite;Mariana;772 George Neck;11319;North Jeffreyfurt;553-298-2711x7474;austin24@example.com;False;Male;01/01/1900;29052319;01/01/1900;96719934542;German;Berlin;C:/Users/nunov/Downloads/Rafael - Formador/Retratos/el che.jpg;0;31641
19;Vilhena Santos;Nuno;75604 Nichole Lock Suite 150;41418;Aaronport;+1-477-046-5663x735;wolsen@example.org;False;Female;01/01/1900;12290043;01/01/1900;91270226794;German;Paris;C:/Users/nunov/Downloads/Rafael - Formador/Retratos/mulher-sorrindo.png;0;31666
20;Silva;Pedro;026 Michelle Hills Suite 314;27582;New Aprilport;(167)080-7957x0981;davidlewis@example.net;False;Male;01/01/1900;53430635;01/01/1900;92657424644;German;Lisbon;C:/Users/nunov/Downloads/Rafael - Formador/Retratos/mulher-sorrindo.png;0;29666
21;Souza;Reinaldo;789 Mendoza Ridges Apt. 887;66795;Ravenport;+1-923-515-6988x30742;uholt@example.org;True;Female;01/01/1900;25132938;01/01/1900;2275003520;French;Berlin;C:/Users/nunov/Downloads/Rafael - Formador/Retratos/el che.jpg;0;800
22;Correia;Ruben;5452 Harris Walks Suite 938;10637;South Shane;(812)502-4499;mmorris@example.org;False;Male;01/01/1900;96260907;01/01/1900;27664254425;German;Lisbon;C:/Users/nunov/Downloads/Rafael - Formador/Retratos/desenho-carvão.jpg;0;800
23;André;Simão;10527 George Place;32267;New Amandamouth;(743)156-5706;xarmstrong@example.org;False;Male;01/01/1900;23173855;01/01/1900;73045286888;Spanish;Paris;C:/Users/nunov/Downloads/Rafael - Formador/Retratos/moço.jpeg;0;175
24;Avellar;Tatiane;0925 Katherine Stravenue Apt. 073;26616;Wendymouth;5609313641;dunnjerry@example.net;True;Female;01/01/1900;52681748;01/01/1900;33621697653;French;Paris;C:/Users/nunov/Downloads/Rafael - Formador/Retratos/el che.jpg;0;175
25;-----------;-----------;68611 Smith Extension Apt. 000;41317;Gregoryshire;(394)100-6834;alicedixon@example.net;False;Male;01/01/1900;54937773;01/01/1900;67567186228;French;Lisbon;C:/Users/nunov/Downloads/Rafael - Formador/Retratos/moço.jpeg;0;25
26;Santo Rangel;Joel;646 Bishop Mills;53855;Bakerborough;391496078;huffmantara@example.org;False;Male;01/01/1900;39238558;01/01/1900;84006173652;Italian;Paris;C:/Users/nunov/Downloads/Rafael - Formador/Retratos/chefitz.png;0;0
27;Vilhena Santos;Nuno;20591 Jenkins Flats Apt. 200;69378;North Charles;220-681-9637;floresmark@example.com;False;Male;01/01/1900;99303966;01/01/1900;81643459696;French;Lisbon;C:/Users/nunov/Downloads/Rafael - Formador/Retratos/john-lennon.png;0;0
28;Ribeiro;Ana;99784 Karen Drives;68279;Samuelstad;(704)806-8145x2348;pmiller@example.com;True;;01/01/1900;40886758;01/01/1900;40886758;German;Paris;C:/Users/nunov/Downloads/Rafael - Formador/Retratos/Retrato_Secretária_de_Estado_da_Inclusão_das_Pessoas_com_Deficiência.jpeg;0;0
29;Ferreira;Bruno;766 Anderson Fall Suite 658;11733;Danielhaven;001-605-270-0337x063;gpratt@example.net;False;Male;01/01/1900;7810236;01/01/1900;47718949843;Italian;Lisbon;C:/Users/nunov/Downloads/Rafael - Formador/Retratos/john-lennon.png;0;0
30;Palma;Catarina;36201 Hannah View;27939;New Roytown;419.480.2411x892;destiny68@example.com;True;Female;01/01/1900;84505797;01/01/1900;79938926214;Spanish;Madrid;C:/Users/nunov/Downloads/Rafael - Formador/Retratos/retrato-real-da-pessoa-nulher.jpg;0;0
31;Passarinho;Claudia;91589 Jones Trace;48116;Cobbfort;897.651.7367x5679;jamesmatthew@example.org;False;Female;01/01/1900;44202357;01/01/1900;99507267100;Italian;Paris;C:/Users/nunov/Downloads/Rafael - Formador/Retratos/mulher-sorrindo.png;0;0
32;Dias;Dário;883 Day Courts;71363;North Stacyside;001-211-961-9811;dvargas@example.net;True;Male;01/01/1900;84065698;01/01/1900;92543158273;Spanish;Berlin;C:/Users/nunov/Downloads/Rafael - Formador/Retratos/retrato-real-da-pessoa-homem.jpg;0;0
33;Alves;Diogo;170 Koch Turnpike Suite 106;35221;Thomasmouth;827-374-7399x75551;waltersscott@example.org;True;Male;01/01/1900;81211010;01/01/1900;49161633948;Italian;Paris;C:/Users/nunov/Downloads/Rafael - Formador/Retratos/el che.jpg;0;0
34;Santana;Diogo;762 Aimee Springs Apt. 786;88613;Larsonhaven;712.852.7826;walterstevens@example.com;True;Male;01/01/1900;47352725;01/01/1900;65290519266;Portuguese;Berlin;C:/Users/nunov/Downloads/Rafael - Formador/Retratos/john-lennon.png;0;0
35;Marques;Duarte;23836 Justin Motorway;40117;Rebeccaside;001-499-486-8606;lbenitez@example.net;True;Male;01/01/1900;1758004;01/01/1900;67315721625;Spanish;Rome;C:/Users/nunov/Downloads/Rafael - Formador/Retratos/retrato-real-da-pessoa-nulher.jpg;0;0
36;Baptista;Filipe;770 John Mountains Suite 734;70323;Mayhaven;918-557-9680x2288;donnamoses@example.net;True;Female;01/01/1900;73704182;01/01/1900;66921188874;Italian;Berlin;C:/Users/nunov/Downloads/Rafael - Formador/Retratos/el che.jpg;0;0
37;Santo Rangel;Joel;09400 Sweeney Landing Apt. 275;88963;Knightchester;061-205-2308x7802;pjones@example.org;False;Male;01/01/1900;10502159;01/01/1900;83273276587;French;Berlin;C:/Users/nunov/Downloads/Rafael - Formador/Retratos/john-lennon.png;0;0
38;Pinto;Jorge;5833 Emily Points Apt. 037;1401;Lake Heather;600-867-1423;dale02@example.net;True;Female;01/01/1900;76963314;01/01/1900;5997741249;Spanish;Lisbon;C:/Users/nunov/Downloads/Rafael - Formador/Retratos/Retrato_Secretária_de_Estado_da_Inclusão_das_Pessoas_com_Deficiência.jpeg;0;0
39;Rodrigues;Láercio;07195 Porter Hollow Suite 719;44992;West Courtneystad;(885)802-7827x3557;hannahfarmer@example.com;False;Male;01/01/1900;47797725;01/01/1900;37647695451;German;Lisbon;C:/Users/nunov/Downloads/Rafael - Formador/Retratos/chefitz.png;0;0
40;Rosário;Licínio;83637 David Drives Suite 333;88938;Port Craig;678-024-6958;patriciafarley@example.com;False;Female;01/01/1900;21118482;01/01/1900;50010541683;French;Rome;C:/Users/nunov/Downloads/Rafael - Formador/Retratos/Retrato_Secretária_de_Estado_da_Inclusão_das_Pessoas_com_Deficiência.jpeg;0;0
41;Leopoldo;Luis;789 Jesus Lights;66744;New Theresaville;4495713845;afinley@example.net;False;Male;01/01/1900;96287002;01/01/1900;37264319254;German;Madrid;C:/Users/nunov/Downloads/Rafael - Formador/Retratos/mulher-sorrindo.png;0;0
42;Patricio;Luis;7580 Vega Loop;64207;South Andrea;001-091-087-2034x16888;keithedwards@example.org;False;Male;01/01/1900;36280321;01/01/1900;71149906544;Italian;Paris;C:/Users/nunov/Downloads/Rafael - Formador/Retratos/desenho-carvão.jpg;0;0
43;Cristina;Maria;258 Hannah Plains Suite 645;61506;Chasebury;(368)011-3827x3656;schroederjaime@example.net;False;Female;01/01/1900;91377059;01/01/1900;354247313;Italian;Paris;C:/Users/nunov/Downloads/Rafael - Formador/Retratos/retrato-real-da-pessoa-homem.jpg;0;0
44;Oliveira;Mariana;59465 Hodge Road Suite 965;68057;South Robert;249.419.2294;jennifersummers@example.com;False;Male;01/01/1900;86076163;01/01/1900;74847881734;French;Rome;C:/Users/nunov/Downloads/Rafael - Formador/Retratos/chefitz.png;0;0
45;Leite;Mariana;4719 Karen Land;87771;Mcguiremouth;+1-391-071-7449x722;hillanthony@example.net;True;Male;01/01/1900;65500599;01/01/1900;41661589500;Spanish;Berlin;C:/Users/nunov/Downloads/Rafael - Formador/Retratos/retrato-real-da-pessoa-nulher.jpg;0;0
46;Vilhena Santos;Nuno;2941 Valdez Common Apt. 401;28347;New Sherrymouth;678-078-7272x077;christina90@example.com;False;Male;01/01/1900;16659425;01/01/1900;38532885008;German;Lisbon;C:/Users/nunov/Downloads/Rafael - Formador/Retratos/retrato-real-da-pessoa-nulher.jpg;0;0
47;Silva;Pedro;1832 Kim Hollow;42525;Castanedaport;6562697907;ykelly@example.com;False;Female;01/01/1900;37366309;01/01/1900;65054051317;Italian;Lisbon;C:/Users/nunov/Downloads/Rafael - Formador/Retratos/el che.jpg;0;0
48;Souza;Reinaldo;827 Price Mills Suite 035;1487;West Chad;+1-246-363-4173x520;masonkaren@example.net;False;Female;01/01/1900;7081863;01/01/1900;85045964097;Spanish;Lisbon;C:/Users/nunov/Downloads/Rafael - Formador/Retratos/john-lennon.png;0;0
49;Correia;Ruben;333 Hernandez Place Suite 771;97591;New Catherineborough;(221)400-4017;carrolltyler@example.net;True;Female;01/01/1900;61904534;01/01/1900;27319094687;Italian;Paris;C:/Users/nunov/Downloads/Rafael - Formador/Retratos/el che.jpg;0;0
50;André;Simão;2941 Valdez Common Apt. 401;28347;New Sherrymouth;678-078-7272x077;christina90@example.com;False;Male;01/01/1900;16659425;01/01/1900;38532885008;German;Lisbon;C:/Users/nunov/Downloads/Rafael - Formador/Retratos/chefitz.png;0;0
51;Avellar;Tatiane;1832 Kim Hollow;42525;Castanedaport;6562697907;ykelly@example.com;False;Female;01/01/1900;37366309;01/01/1900;65054051317;Italian;Lisbon;C:/Users/nunov/Downloads/Rafael - Formador/Retratos/chefitz.png;0;0
52;nunos;nunos;827 Price Mills Suite 035;1487;West Chad;+1-246-363-4173x520;masonkaren@example.net;False;Female;01/01/1900;7081863;01/01/1900;85045964097;Spanish;Lisbon;C:/Users/nunov/Downloads/Rafael - Formador/Retratos/chefitz.png;0;0
53;qweqew;qweqwe;333 Hernandez Place Suite 771;97591;New Catherineborough;(221)400-4017;carrolltyler@example.net;True;Female;01/01/1900;61904534;01/01/1900;27319094687;Italian;Paris;C:/Users/nunov/Downloads/Rafael - Formador/Retratos/moço.jpeg;0;0
54;Wright;Jodi;159 Joe Valley Suite 782;65326;West Vanessa;070-453-8391;moorejames@example.com;True;Female;01/01/1900;56871190;01/01/1900;6280398466;German;Lisbon;C:/Users/nunov/Downloads/Rafael - Formador/Retratos/chefitz.png;0;0
55;Beck;Leslie;99154 Smith Locks;11129;Burtonborough;004.692.6673x2084;scott47@example.com;True;Female;01/01/1900;20393446;01/01/1900;98288764853;German;Lisbon;C:/Users/nunov/Downloads/Rafael - Formador/Retratos/chefitz.png;0;0
56;Fuller;Jack;5103 Hill Highway;38588;Melvinton;001-381-194-7797x186;shane19@example.net;True;Male;01/01/1900;96651936;01/01/1900;32673449095;German;Rome;C:/Users/nunov/Downloads/Rafael - Formador/Retratos/chefitz.png;0;0
57;Moran;Ryan;21636 Jacob Burg Suite 151;74804;Kathyborough;(742)457-4796x662;walkersandra@example.org;False;Female;01/01/1900;83768980;01/01/1900;6015557799;French;Berlin;C:/Users/nunov/Downloads/Rafael - Formador/Retratos/retrato-real-da-pessoa-nulher.jpg;0;0
58;Baker;Antonio;6423 Taylor Oval Suite 995;38702;Sandersport;152.965.2097x3064;cyoung@example.com;False;Female;01/01/1900;3761333;01/01/1900;74426896039;French;Madrid;C:/Users/nunov/Downloads/Rafael - Formador/Retratos/Retrato_Secretária_de_Estado_da_Inclusão_das_Pessoas_com_Deficiência.jpeg;0;0
59;Rubio;Michael;818 Abbott Burgs Apt. 879;68024;Port Robertside;324.018.6096x9905;jasonthompson@example.com;False;Male;01/01/1900;84429162;01/01/1900;5806941693;Portuguese;Berlin;C:/Users/nunov/Downloads/Rafael - Formador/Retratos/desenho-carvão.jpg;0;0
60;Russell;Juan;61735 Jessica Station Apt. 930;88288;Hollandton;406.525.9000x31147;russelllaurie@example.com;False;Female;01/01/1900;21866316;01/01/1900;84139219950;German;Paris;C:/Users/nunov/Downloads/Rafael - Formador/Retratos/chefitz.png;0;0
61;Nielsen;Shane;91870 Henry Bypass;84397;West Julie;+1-326-065-8959x09290;tylerwiggins@example.com;True;Male;01/01/1900;15372102;01/01/1900;31358177019;German;Paris;C:/Users/nunov/Downloads/Rafael - Formador/Retratos/desenho-carvão.jpg;0;0
62;Montoya;Eric;2102 Owens Pine;87782;East Ashley;-10720;estradajennifer@example.com;True;Female;01/01/1900;71318755;01/01/1900;92341603030;German;Paris;C:/Users/nunov/Downloads/Rafael - Formador/Retratos/mulher-sorrindo.png;0;0
63;Carroll;Brittany;495 Zachary Square Apt. 770;5946;West Seanland;597-118-0309x8737;hollymunoz@example.com;True;Male;01/01/1900;83532618;01/01/1900;6408883316;Portuguese;Madrid;C:/Users/nunov/Downloads/Rafael - Formador/Retratos/retrato-real-da-pessoa-homem.jpg;0;0
64;Lopez;Paul;2853 Amy Lane;83476;Courtneyburgh;498.224.9012;destinyhill@example.com;True;Male;01/01/1900;37392202;01/01/1900;28886956733;Portuguese;Berlin;C:/Users/nunov/Downloads/Rafael - Formador/Retratos/chefitz.png;0;0
65;Hill;Michelle;9836 Lori Road;83462;Swansonburgh;174.661.9625x1723;joelwilliams@example.com;False;Female;01/01/1900;30325023;01/01/1900;50199425357;Portuguese;Berlin;C:/Users/nunov/Downloads/Rafael - Formador/Retratos/mulher-sorrindo.png;0;0
66;Morris;Richard;98068 Elizabeth Bridge Suite 201;66517;East Elizabethmouth;726.506.0418x540;david39@example.net;False;Male;01/01/1900;81620614;01/01/1900;93525721904;German;Paris;C:/Users/nunov/Downloads/Rafael - Formador/Retratos/mulher-sorrindo.png;0;0
67;Jones;Courtney;892 Brent Villages;81886;Port Maryhaven;001-986-037-1949x33710;bentonnicole@example.net;False;Male;01/01/1900;1344333;01/01/1900;93542584314;German;Lisbon;C:/Users/nunov/Downloads/Rafael - Formador/Retratos/Retrato_Secretária_de_Estado_da_Inclusão_das_Pessoas_com_Deficiência.jpeg;0;0
68;Boyd;John;3181 Jennifer Spurs;57971;Wendychester;-6321;courtneyhunter@example.net;False;Male;01/01/1900;50022465;01/01/1900;97462917358;Spanish;Madrid;C:/Users/nunov/Downloads/Rafael - Formador/Retratos/chefitz.png;0;350
69;Thomas;Kevin;7694 Martinez Trace Suite 689;85265;Mortonville;381.174.6287;rachel23@example.net;False;Male;01/01/1900;18174557;01/01/1900;82008108895;Italian;Lisbon;C:/Users/nunov/Downloads/Rafael - Formador/Retratos/moço.jpeg;0;25150
70;Stephens;Kimberly;0876 Jonathan Burg Apt. 342;36661;Duncanside;001-779-241-0072x9860;luke55@example.org;True;Male;01/01/1900;2522958;01/01/1900;8590979204;Spanish;Madrid;C:/Users/nunov/Downloads/Rafael - Formador/Retratos/john-lennon.png;0;0
71;Brewer;Greg;772 George Neck;11319;North Jeffreyfurt;553-298-2711x7474;austin24@example.com;False;Male;01/01/1900;29052319;01/01/1900;96719934542;German;Berlin;C:/Users/nunov/Downloads/Rafael - Formador/Retratos/el che.jpg;0;0
72;Moore;Emily;75604 Nichole Lock Suite 150;41418;Aaronport;+1-477-046-5663x735;wolsen@example.org;False;Female;01/01/1900;12290043;01/01/1900;91270226794;German;Paris;C:/Users/nunov/Downloads/Rafael - Formador/Retratos/chefitz.png;0;0
73;Green;Laura;026 Michelle Hills Suite 314;27582;New Aprilport;(167)080-7957x0981;davidlewis@example.net;False;Male;01/01/1900;53430635;01/01/1900;92657424644;German;Lisbon;C:/Users/nunov/Downloads/Rafael - Formador/Retratos/el che.jpg;0;0
74;Hernandez;Ashley;789 Mendoza Ridges Apt. 887;66795;Ravenport;+1-923-515-6988x30742;uholt@example.org;True;Female;01/01/1900;25132938;01/01/1900;2275003520;French;Berlin;C:/Users/nunov/Downloads/Rafael - Formador/Retratos/Retrato_Secretária_de_Estado_da_Inclusão_das_Pessoas_com_Deficiência.jpeg;0;0
75;Hardin;Robert;5452 Harris Walks Suite 938;10637;South Shane;(812)502-4499;mmorris@example.org;False;Male;01/01/1900;96260907;01/01/1900;27664254425;German;Lisbon;C:/Users/nunov/Downloads/Rafael - Formador/Retratos/el che.jpg;0;0
76;Weber;Carol;10527 George Place;32267;New Amandamouth;(743)156-5706;xarmstrong@example.org;False;Male;01/01/1900;23173855;01/01/1900;73045286888;Spanish;Paris;C:/Users/nunov/Downloads/Rafael - Formador/Retratos/john-lennon.png;0;0
77;Hoffman;Michael;0925 Katherine Stravenue Apt. 073;26616;Wendymouth;5609313641;dunnjerry@example.net;True;Female;01/01/1900;52681748;01/01/1900;33621697653;French;Paris;C:/Users/nunov/Downloads/Rafael - Formador/Retratos/el che.jpg;0;0
78;Collins;Scott;68611 Smith Extension Apt. 000;41317;Gregoryshire;(394)100-6834;alicedixon@example.net;False;Male;01/01/1900;54937773;01/01/1900;67567186228;French;Lisbon;C:/Users/nunov/Downloads/Rafael - Formador/Retratos/desenho-carvão.jpg;0;0
79;Perez;Jennifer;646 Bishop Mills;53855;Bakerborough;391496078;huffmantara@example.org;False;Male;01/01/1900;39238558;01/01/1900;84006173652;Italian;Paris;C:/Users/nunov/Downloads/Rafael - Formador/Retratos/mulher-sorrindo.png;0;0
80;Levine;Pamela;20591 Jenkins Flats Apt. 200;69378;North Charles;220-681-9637;floresmark@example.com;False;Male;01/01/1900;99303966;01/01/1900;81643459696;French;Lisbon;C:/Users/nunov/Downloads/Rafael - Formador/Retratos/retrato-real-da-pessoa-nulher.jpg;0;0
81;Kim;John;941 Allen Pines Apt. 615;51673;South Kellystad;530-245-3009;banksdiana@example.net;False;Female;01/01/1900;55538544;01/01/1900;22954749510;Italian;Rome;C:/Users/nunov/Downloads/Rafael - Formador/Retratos/moço.jpeg;0;25
82;Price;Benjamin;99784 Karen Drives;68279;Samuelstad;(704)806-8145x2348;pmiller@example.com;True;Male;01/01/1900;40886758;01/01/1900;80493185686;German;Paris;C:/Users/nunov/Downloads/Rafael - Formador/Retratos/moço.jpeg;0;25
83;Miller;Megan;766 Anderson Fall Suite 658;11733;Danielhaven;001-605-270-0337x063;gpratt@example.net;False;Male;01/01/1900;7810236;01/01/1900;47718949843;Italian;Lisbon;C:/Users/nunov/Downloads/Rafael - Formador/Retratos/mulher-sorrindo.png;0;25
84;Blankenship;Lori;36201 Hannah View;27939;New Roytown;419.480.2411x892;destiny68@example.com;True;Female;01/01/1900;84505797;01/01/1900;79938926214;Spanish;Madrid;C:/Users/nunov/Downloads/Rafael - Formador/Retratos/retrato-real-da-pessoa-nulher.jpg;0;25
85;Martin;Denise;91589 Jones Trace;48116;Cobbfort;897.651.7367x5679;jamesmatthew@example.org;False;Female;01/01/1900;44202357;01/01/1900;99507267100;Italian;Paris;C:/Users/nunov/Downloads/Rafael - Formador/Retratos/chefitz.png;0;50
86;Yang;Donald;883 Day Courts;71363;North Stacyside;001-211-961-9811;dvargas@example.net;True;Male;01/01/1900;84065698;01/01/1900;92543158273;Spanish;Berlin;C:/Users/nunov/Downloads/Rafael - Formador/Retratos/retrato-real-da-pessoa-nulher.jpg;0;50
87;Allen;Rachel;170 Koch Turnpike Suite 106;35221;Thomasmouth;827-374-7399x75551;waltersscott@example.org;True;Male;01/01/1900;81211010;01/01/1900;49161633948;Italian;Paris;C:/Users/nunov/Downloads/Rafael - Formador/Retratos/moço.jpeg;0;50
88;Flores;Kristen;762 Aimee Springs Apt. 786;88613;Larsonhaven;712.852.7826;walterstevens@example.com;True;Male;01/01/1900;47352725;01/01/1900;65290519266;Portuguese;Berlin;C:/Users/nunov/Downloads/Rafael - Formador/Retratos/john-lennon.png;0;50
89;Brown;Derrick;23836 Justin Motorway;40117;Rebeccaside;001-499-486-8606;lbenitez@example.net;True;Male;01/01/1900;1758004;01/01/1900;67315721625;Spanish;Rome;C:/Users/nunov/Downloads/Rafael - Formador/Retratos/moço.jpeg;0;25
90;Cunningham;Amy;770 John Mountains Suite 734;70323;Mayhaven;918-557-9680x2288;donnamoses@example.net;True;Female;01/01/1900;73704182;01/01/1900;66921188874;Italian;Berlin;C:/Users/nunov/Downloads/Rafael - Formador/Retratos/el che.jpg;0;25
91;Randall;Keith;09400 Sweeney Landing Apt. 275;88963;Knightchester;061-205-2308x7802;pjones@example.org;False;Male;01/01/1900;10502159;01/01/1900;83273276587;French;Berlin;C:/Users/nunov/Downloads/Rafael - Formador/Retratos/el che.jpg;0;0
92;Bartlett;Kenneth;5833 Emily Points Apt. 037;1401;Lake Heather;600-867-1423;dale02@example.net;True;Female;01/01/1900;76963314;01/01/1900;5997741249;Spanish;Lisbon;C:/Users/nunov/Downloads/Rafael - Formador/Retratos/mulher-sorrindo.png;0;0
93;Franco;Erica;07195 Porter Hollow Suite 719;44992;West Courtneystad;(885)802-7827x3557;hannahfarmer@example.com;False;Male;01/01/1900;47797725;01/01/1900;37647695451;German;Lisbon;C:/Users/nunov/Downloads/Rafael - Formador/Retratos/moço.jpeg;0;0
94;Thomas;Beth;83637 David Drives Suite 333;88938;Port Craig;678-024-6958;patriciafarley@example.com;False;Female;01/01/1900;21118482;01/01/1900;50010541683;French;Rome;C:/Users/nunov/Downloads/Rafael - Formador/Retratos/retrato-real-da-pessoa-nulher.jpg;0;0
95;Murray;Zachary;789 Jesus Lights;66744;New Theresaville;4495713845;afinley@example.net;False;Male;01/01/1900;96287002;01/01/1900;37264319254;German;Madrid;C:/Users/nunov/Downloads/Rafael - Formador/Retratos/chefitz.png;0;0
96;Rose;Peter;7580 Vega Loop;64207;South Andrea;001-091-087-2034x16888;keithedwards@example.org;False;Male;01/01/1900;36280321;01/01/1900;71149906544;Italian;Paris;C:/Users/nunov/Downloads/Rafael - Formador/Retratos/retrato-real-da-pessoa-homem.jpg;0;0
97;Thomas;Dustin;258 Hannah Plains Suite 645;61506;Chasebury;(368)011-3827x3656;schroederjaime@example.net;False;Female;01/01/1900;91377059;01/01/1900;354247313;Italian;Paris;C:/Users/nunov/Downloads/Rafael - Formador/Retratos/retrato-real-da-pessoa-homem.jpg;0;0
98;Dillon;Patricia;59465 Hodge Road Suite 965;68057;South Robert;249.419.2294;jennifersummers@example.com;False;Male;01/01/1900;86076163;01/01/1900;74847881734;French;Rome;C:/Users/nunov/Downloads/Rafael - Formador/Retratos/retrato-real-da-pessoa-nulher.jpg;0;0
99;Carney;Suzanne;4719 Karen Land;87771;Mcguiremouth;+1-391-071-7449x722;hillanthony@example.net;True;Male;01/01/1900;65500599;01/01/1900;41661589500;Spanish;Berlin;C:/Users/nunov/Downloads/Rafael - Formador/Retratos/el che.jpg;0;0
100;Jackson;Catherine;2941 Valdez Common Apt. 401;28347;New Sherrymouth;678-078-7272x077;christina90@example.com;False;Male;01/01/1900;16659425;01/01/1900;38532885008;German;Lisbon;C:/Users/nunov/Downloads/Rafael - Formador/Retratos/el che.jpg;0;0
101;Lambert;Kimberly;1832 Kim Hollow;42525;Castanedaport;6562697907;ykelly@example.com;False;Female;01/01/1900;37366309;01/01/1900;65054051317;Italian;Lisbon;C:/Users/nunov/Downloads/Rafael - Formador/Retratos/el che.jpg;0;0
102;Harrison;Daniel;827 Price Mills Suite 035;1487;West Chad;+1-246-363-4173x520;masonkaren@example.net;False;Female;01/01/1900;7081863;01/01/1900;85045964097;Spanish;Lisbon;C:/Users/nunov/Downloads/Rafael - Formador/Retratos/retrato-real-da-pessoa-homem.jpg;0;0
103;Hudson;David;333 Hernandez Place Suite 771;97591;New Catherineborough;(221)400-4017;carrolltyler@example.net;True;Female;01/01/1900;61904534;01/01/1900;27319094687;Italian;Paris;C:/Users/nunov/Downloads/Rafael - Formador/Retratos/desenho-carvão.jpg;0;425
